Feature ID	kingdom	phylum	class	order	family	genus	species	Confidence
8d89a92056a57d54ee8f6607f5c66415	Bacteria	Firmicutes	Clostridia	Clostridiales	Lachnospiraceae	Ruminococcus	gnavus	0.999744789646
ec9d04c5b02827e2a3eed92da6866325	Bacteria	Proteobacteria	Gammaproteobacteria	Enterobacteriales	Enterobacteriaceae			0.999999999996
dc2e889bbfc192bc14953cebe91f8c44	Bacteria	Actinobacteria	Actinobacteria	Bifidobacteriales	Bifidobacteriaceae	Bifidobacterium	breve	0.997255684241
820690c9a0ad2be19fa8e4cbeb10d6ae	Bacteria	Actinobacteria	Actinobacteria	Bifidobacteriales	Bifidobacteriaceae	Bifidobacterium	bifidum	0.997108484867
dceb84efdba0c4e6494ac063850071cd	Bacteria	Verrucomicrobia	Verrucomicrobiae	Verrucomicrobiales	Verrucomicrobiaceae	Akkermansia	muciniphila	1.0
773421f24cba8192a34c3d26d17763be	Bacteria	Firmicutes	Clostridia	Clostridiales				0.999999999999
f1b3ba7708b042c166cd9f71aebabc50	Bacteria	Firmicutes	Clostridia	Clostridiales	Lachnospiraceae	Blautia	producta	0.995568791713
0243391c61e8633744d1a2689f9e8ba7	Bacteria	Actinobacteria	Actinobacteria	Bifidobacteriales	Bifidobacteriaceae	Bifidobacterium	longum	0.99879064248
18cf19b4c201e637cbf7876f8e8b152e	Bacteria	Firmicutes	Bacilli	Lactobacillales	Streptococcaceae	Streptococcus		0.999994841177
ff5ffda9b02c4f6d1f393134ecbccfdb	Bacteria	Verrucomicrobia	Verrucomicrobiae	Verrucomicrobiales	Verrucomicrobiaceae	Akkermansia	muciniphila	0.999999999999
219915cba182f8e23144779b7e5dd9f2	Bacteria	Firmicutes	Clostridia	Clostridiales	Ruminococcaceae	Gemmiger	formicilis	0.952459660161
eecd2f3e7f0f219f689abf20460e0090	Bacteria	Firmicutes	Erysipelotrichi	Erysipelotrichales	Erysipelotrichaceae	Clostridium	ramosum	0.999969101979
8844e93b2c81535aa314fdef7402bb0a	Bacteria	Actinobacteria	Actinobacteria	Bifidobacteriales	Bifidobacteriaceae	Bifidobacterium	breve	0.971670276298
df8c7a8a7b79ddc530364ac7ef34665e	Bacteria	Firmicutes	Clostridia	Clostridiales	Lachnospiraceae	Dorea	longicatena	0.827235543016
ba5bddf9b1e1b14b8577aa69cf28b006	Bacteria	Actinobacteria	Actinobacteria	Bifidobacteriales	Bifidobacteriaceae	Bifidobacterium	longum	0.998224650747
62f1d9ee06fd31b2c1a0337955e24c13	Bacteria	Firmicutes	Bacilli	Lactobacillales	Streptococcaceae	Streptococcus	alactolyticus	0.723378947407
4555f0437444186a0ff6fffd14bb15b6	Bacteria	Firmicutes	Clostridia	Clostridiales	Lachnospiraceae	Blautia		0.999981182569
0b3752e657198019b8cc5b76d60f8c6c	Bacteria	Firmicutes	Bacilli	Lactobacillales	Streptococcaceae	Lactococcus	garvieae	0.999954097007
0c2d17693176a48e8fc99be065b91f9e	Bacteria	Firmicutes	Erysipelotrichi	Erysipelotrichales	Erysipelotrichaceae	Eubacterium	dolichum	0.999999999996
b98ea3076173fdbc36d8d938abe47a0e	Bacteria	Firmicutes	Clostridia	Clostridiales	Eubacteriaceae	Pseudoramibacter_Eubacterium		0.999999994846
b60c65717e0a4ca49e920673920a8844	Bacteria	Firmicutes	Clostridia	Clostridiales	Lachnospiraceae	Dorea		0.989955882501
b2d359ad4ad2b7b2a01bb184aa10ed43	Bacteria	Verrucomicrobia	Verrucomicrobiae	Verrucomicrobiales	Verrucomicrobiaceae	Akkermansia	muciniphila	0.999999999999
809e411138fc0e3495624cbaadef1feb	Bacteria	Actinobacteria	Actinobacteria	Bifidobacteriales	Bifidobacteriaceae	Bifidobacterium	breve	0.987086344979
d5ce6cbd2ab53a91c77838897a2a175d	Bacteria	Firmicutes	Clostridia	Clostridiales	Lachnospiraceae	Coprococcus		0.99708652552
4848928f5e0a36c6cd76043e7b22fd21	Bacteria	Firmicutes	Clostridia	Clostridiales	Veillonellaceae	Megamonas		0.999999988298
b0f942ec92e10efaa6bc5e33ee77f10c	Bacteria	Firmicutes	Clostridia	Clostridiales	Lachnospiraceae	Blautia		0.954808887319
80a093f8e25cda571d80b6a06386866a	Bacteria	Proteobacteria	Gammaproteobacteria	Enterobacteriales	Enterobacteriaceae	Escherichia	coli	0.806771808505
1ca4fb0a65bf984122e0cee13f76823d	Bacteria	Bacteroidetes	Bacteroidia	Bacteroidales	Bacteroidaceae	Bacteroides	uniformis	0.999947787092
7dbad81583531d3dee6c16693f4fa933	Bacteria	Firmicutes	Clostridia	Clostridiales	Veillonellaceae	Veillonella		0.999994511024
f5a339e3e6a53e6da5f084243f3347d0	Bacteria	Firmicutes	Clostridia	Clostridiales	Ruminococcaceae	Gemmiger	formicilis	0.952409220829
7a77bb242ded43f549bd940d616b524d	Bacteria	Bacteroidetes	Bacteroidia	Bacteroidales	Bacteroidaceae	Bacteroides	fragilis	0.999999807026
466540985438291ff960a9a1d6ebe6db	Bacteria	Firmicutes	Erysipelotrichi	Erysipelotrichales	Erysipelotrichaceae	Eubacterium	dolichum	0.999999999992
6e7337485521546f667ee966f66886c9	Bacteria	Firmicutes	Clostridia	Clostridiales				0.999999999994
058e29e81efb3aae399048b70c8541ad	Bacteria	Firmicutes	Clostridia	Clostridiales	Lachnospiraceae	Ruminococcus	gnavus	0.99969406141
27db896c70df56b4561ade676adcbe87	Bacteria	Actinobacteria	Actinobacteria	Bifidobacteriales	Bifidobacteriaceae	Bifidobacterium	adolescentis	0.869221547245
99861426e0df256d9df8fc4f13bebe2b	Bacteria	Firmicutes	Bacilli	Lactobacillales	Lactobacillaceae	Lactobacillus		0.99999729202
8b6bffd8a3929386b03d41a48f7dd409	Bacteria	Firmicutes	Erysipelotrichi	Erysipelotrichales	Erysipelotrichaceae	Eubacterium	dolichum	0.999999999992
2aa3a29179b0f48d058d8914e158b00f	Bacteria	Firmicutes	Clostridia	Clostridiales	Veillonellaceae	Phascolarctobacterium		0.999999999715
d1806050ddd012de30eb54626f44b45c	Bacteria	Firmicutes	Erysipelotrichi	Erysipelotrichales	Erysipelotrichaceae	Clostridium	cocleatum	0.993755577074
953de6d42fe51a36a9a6f4f4a748cf5c	Bacteria	Bacteroidetes	Bacteroidia	Bacteroidales	Bacteroidaceae	Bacteroides	fragilis	0.999999694799
6aeda0f830da174da2d449ff94f03d3c	Bacteria	Firmicutes	Bacilli	Lactobacillales	Streptococcaceae	Streptococcus		0.959137153898
0ec39ee36b14e840d6298697b23ef30c	Bacteria	Firmicutes	Clostridia	Clostridiales	Lachnospiraceae	Blautia		0.989507714285
78683a750d4837a60ca3dd4b700bf161	Bacteria	Firmicutes	Clostridia	Clostridiales	Veillonellaceae	Veillonella		0.999999884115
aba034385f2331cfe4c5ff88c65025f8	Bacteria	Firmicutes	Bacilli	Lactobacillales	Lactobacillaceae	Lactobacillus	mucosae	0.999998162679
0da934f195146062c4dcefd99137a023	Bacteria	Bacteroidetes	Bacteroidia	Bacteroidales	Bacteroidaceae	Bacteroides		0.99999997868
73f8fa20ff6e54293c06fdb752447f7a	Bacteria	Firmicutes	Clostridia	Clostridiales	Veillonellaceae	Megamonas		0.999999920026
5cbfcaddf17324c87399b1117d246825	Bacteria	Bacteroidetes	Bacteroidia	Bacteroidales	Bacteroidaceae	Bacteroides	fragilis	0.999999794946
fc6e85fde67b2367bd635609fd085d81	Bacteria	Firmicutes	Bacilli	Lactobacillales	Enterococcaceae	Enterococcus	casseliflavus	0.730797399342
f9f54db9f9f2faa9d7d31da569466260	Bacteria	Firmicutes	Clostridia	Clostridiales	Lachnospiraceae			0.839956774425
f7d7a3ff709ee2c841e25a992984fe39	Bacteria	Firmicutes	Bacilli	Lactobacillales	Enterococcaceae	Enterococcus		0.817804640417
61b97afe80b0c08809017e7b1d14d900	Bacteria	Firmicutes	Clostridia	Clostridiales	Veillonellaceae	Megamonas		0.999999975953
63a928d9a4045a1682765fbf1b703ab6	Bacteria	Firmicutes	Bacilli	Lactobacillales	Enterococcaceae	Enterococcus		0.799453881378
8084bef50a52eade9117f83b130d02a1	Bacteria	Firmicutes	Bacilli	Lactobacillales	Streptococcaceae	Streptococcus		0.999992333024
25d9d83f7deac4e233e8102662bc992b	Bacteria	Firmicutes	Clostridia	Clostridiales	Lachnospiraceae	Blautia		0.964042367265
108565690d20700e5ba155055db79dc2	Bacteria	Firmicutes	Clostridia	Clostridiales	Veillonellaceae	Megamonas		0.999999998061
3bffec1d4e4d043808ee908957de2929	Bacteria	Firmicutes	Clostridia	Clostridiales	Veillonellaceae	Veillonella	dispar	0.998918378149
77ef95e18fb200767be09beb65ad7e28	Bacteria	Firmicutes	Clostridia	Clostridiales	Veillonellaceae	Veillonella	dispar	0.943721657067
209905bac48b8db2c9b1e05beecc0cbc	Bacteria	Firmicutes	Clostridia	Clostridiales	Veillonellaceae	Veillonella	dispar	0.952758117415
b326f3599a22c5f252e8b8fe48a84fa4	Bacteria	Firmicutes	Clostridia	Clostridiales	Veillonellaceae	Veillonella	dispar	0.99881004085
f0dca6705ca1fe1fc070203313fff477	Bacteria	Firmicutes	Clostridia	Clostridiales	Clostridiaceae	Clostridium	perfringens	0.999973074278
9d311ed5724fce5cf94ecb36bb064129	Bacteria	Bacteroidetes	Bacteroidia	Bacteroidales	Bacteroidaceae	Bacteroides	ovatus	0.857046759506
922720bdaed88cfa988a16d407f018aa	Bacteria	Firmicutes	Bacilli	Lactobacillales	Lactobacillaceae	Lactobacillus	reuteri	0.893334279385
23943889a71d7b9a57d0b4dd1d2151c8	Bacteria	Firmicutes	Bacilli	Lactobacillales	Lactobacillaceae	Lactobacillus	zeae	0.999999317949
dafd3a63f34ae99453364dc5b80a7cfb	Bacteria	Actinobacteria	Coriobacteriia	Coriobacteriales	Coriobacteriaceae	Collinsella	aerofaciens	0.990031029344
128bb41d4d0805108637a599536e654c	Bacteria	Firmicutes	Clostridia	Clostridiales	Lachnospiraceae	Roseburia	faecis	0.789109757361
672af60f88a8b79744aea4f488e9387d	Bacteria	Firmicutes	Clostridia	Clostridiales	Veillonellaceae	Dialister		1.0
92d9cecd6c4859eea2ed4c7545739153	Bacteria	Firmicutes	Clostridia	Clostridiales	Veillonellaceae	Megasphaera		0.999730406395
679f9c9afe9599e4d217b46abd14978d	Bacteria	Firmicutes	Bacilli	Lactobacillales	Enterococcaceae	Enterococcus		0.935162460553
fd7ff6285d55aeb2e62f8eba97f2346c	Bacteria	Firmicutes	Clostridia	Clostridiales	Clostridiaceae			0.999999505103
ff1c5a2bd063828fb9f3958e02e992b3	Bacteria	Actinobacteria	Coriobacteriia	Coriobacteriales	Coriobacteriaceae	Eggerthella	lenta	0.999737168808
f49d0e409f89dd484612e8bfdca682af	Bacteria	Firmicutes	Clostridia	Clostridiales	Lachnospiraceae			0.878849807406
a22a9de8e0f85eb677ed80f9e49f9543	Bacteria	Firmicutes	Clostridia	Clostridiales	Veillonellaceae	Veillonella	dispar	0.891062995506
adc0718d53708e7bcbe357846a012106	Bacteria	Firmicutes	Bacilli	Lactobacillales	Streptococcaceae	Streptococcus	infantis	0.746224362137
b14d2f41a40254e760d2b57346b73e90	Bacteria	Firmicutes	Clostridia	Clostridiales	Veillonellaceae	Veillonella		0.999999434338
deb6e55acf63244c8e399f35e449cc5c	Bacteria	Firmicutes	Clostridia	Clostridiales	Veillonellaceae	Veillonella		0.999999632359
e29c07f205f42f295a6509d3c9a83fbd	Bacteria	Firmicutes	Clostridia	Clostridiales	Lachnospiraceae	Blautia	producta	0.994298775208
100e835fe9f25ff092068530d916a8ef	Bacteria	Firmicutes	Clostridia	Clostridiales	Peptostreptococcaceae			0.943061532082
9c78d681134e5af78925dcc9104d0626	Bacteria	Firmicutes	Clostridia	Clostridiales	Veillonellaceae	Veillonella	parvula	0.850004572637
8ec45a132e3b881d7f50da5feac3627a	Bacteria	Firmicutes	Erysipelotrichi	Erysipelotrichales	Erysipelotrichaceae			0.999999956105
583217c12656f298cd53936fd41470c0	Bacteria	Firmicutes	Clostridia	Clostridiales	Veillonellaceae	Veillonella		0.999998355983
e1636ed570ed81d82479d38d30026666	Bacteria	Firmicutes	Bacilli	Lactobacillales	Enterococcaceae	Enterococcus		0.981013600867
bb2d4b63f0e7793d7ac5632211e8a1e7	Bacteria	Firmicutes	Clostridia	Clostridiales	Lachnospiraceae	Blautia		0.999938964344
655548668589ee00b6764a14a2ceee04	Bacteria	Firmicutes	Clostridia	Clostridiales	Lachnospiraceae	Ruminococcus	gnavus	0.999854808745
c5b570c6e090c585271f17280ca68b92	Bacteria	Proteobacteria	Gammaproteobacteria	Enterobacteriales	Enterobacteriaceae			0.999999999946
2f5b378576362d58f81800f322507780	Bacteria	Firmicutes	Bacilli	Lactobacillales	Enterococcaceae	Enterococcus		0.865399212381
079b64047290ff423d680d4856c8a0a8	Bacteria	Firmicutes	Erysipelotrichi	Erysipelotrichales	Erysipelotrichaceae	Eubacterium	dolichum	0.999999999988
3c3a2810046a6ca2c8b258fc64ffd699	Bacteria	Actinobacteria	Actinobacteria	Bifidobacteriales	Bifidobacteriaceae	Bifidobacterium		0.998862301266
18cbd8db27e47b4e59e0e1612c5398af	Bacteria	Firmicutes	Clostridia	Clostridiales	Lachnospiraceae			0.865469905151
ab4d0c23cc9bbb6c40344f8ec5f523d6	Bacteria	Firmicutes	Clostridia	Clostridiales	Ruminococcaceae	Faecalibacterium	prausnitzii	0.999819869022
1011e66c95a467d5971e26100f2a8fe5	Bacteria	Bacteroidetes	Bacteroidia	Bacteroidales	Bacteroidaceae	Bacteroides	ovatus	0.740746026409
e2b74d0161f949792771d11a55a237fe	Bacteria	Firmicutes	Clostridia	Clostridiales	Peptostreptococcaceae			0.792933919532
cbe74193c77dbcc6da71c8e68c3b7ec4	Bacteria	Actinobacteria	Actinobacteria	Bifidobacteriales	Bifidobacteriaceae	Bifidobacterium		0.996667138823
c2fd8590923a0c086773743acf5135d8	Bacteria	Firmicutes	Clostridia	Clostridiales	Lachnospiraceae	Dorea		0.97845865232
e08914c93865295e1d9ff48fde5e76f2	Bacteria	Firmicutes	Clostridia	Clostridiales	Lachnospiraceae			0.998558141879
34d441bcd6d642c9324f39296fc45e9c	Bacteria	Firmicutes	Clostridia	Clostridiales				0.999999999998
2679583c323f458f4d853363f9559767	Bacteria	Firmicutes	Clostridia	Clostridiales	Veillonellaceae	Megasphaera		0.999999999824
745e69afd895b7ace666a52491988227	Bacteria	Firmicutes	Clostridia	Clostridiales	Lachnospiraceae	Blautia		0.999929059075
770fe1c6baf3160e9b314445e3032c43	Bacteria	Firmicutes	Clostridia	Clostridiales	Lachnospiraceae	Dorea		0.99313726988
7c1d00fa8d2a352d330411affe717dad	Bacteria	Firmicutes	Erysipelotrichi	Erysipelotrichales	Erysipelotrichaceae			0.992369885782
787fd16de5590d25608ca0d9e960fb1f	Bacteria	Firmicutes	Clostridia	Clostridiales	Lachnospiraceae			0.897049327332
a70cdff4a7d61517d0406df32b6a4502	Bacteria	Firmicutes	Bacilli	Lactobacillales	Enterococcaceae	Enterococcus		0.738114654209
88aadb4a0df87aa01f3f2aa8a2eb21cc	Bacteria	Bacteroidetes	Bacteroidia	Bacteroidales	Bacteroidaceae	Bacteroides	uniformis	0.999942453965
467de109076727cd70009f9ea6667796	Bacteria	Firmicutes	Clostridia	Clostridiales	Lachnospiraceae	Blautia		0.987974532566
ed1bf6e92b309282f27418a654522d06	Bacteria	Firmicutes	Clostridia	Clostridiales	Lachnospiraceae	Blautia	producta	0.998731058209
64833ce85af2f35adfbece61ee0cb31e	Bacteria	Firmicutes	Clostridia	Clostridiales	Ruminococcaceae	Gemmiger	formicilis	0.95272928531
2be1b03a776bfb5b55c722320694d2ee	Bacteria	Firmicutes	Clostridia	Clostridiales	Veillonellaceae	Megasphaera		0.999909946659
f4c314ee7e9951879c751d14f82ddafb	Bacteria	Firmicutes	Clostridia	Clostridiales	Lachnospiraceae	Coprococcus		0.986860747631
f6563c01d45907923f1424c7036e5b68	Bacteria	Firmicutes	Erysipelotrichi	Erysipelotrichales	Erysipelotrichaceae	Clostridium	spiroforme	0.999990101549
1ac4220d3cb798f732fc9031a5a66e02	Bacteria	Firmicutes	Clostridia	Clostridiales	Clostridiaceae	Clostridium		0.994592063054
1def8230024be2c71bef0647020753da	Bacteria	Firmicutes	Bacilli	Lactobacillales	Lactobacillaceae	Lactobacillus	zeae	0.999996337822
1f5e2c61fe3f851eaaf21bbedcbab9a8	Bacteria	Firmicutes	Clostridia	Clostridiales	Peptostreptococcaceae			0.750093284014
99d6bfff77b6ac7e515917222c647a12	Bacteria	Firmicutes	Clostridia	Clostridiales	Ruminococcaceae			0.999998977532
04c6dc4fa401dbc38c726d574dcca25c	Bacteria	Firmicutes	Bacilli	Lactobacillales	Lactobacillaceae	Lactobacillus		0.955344788263
5d41758f4c2942508f0fa3c1dd2d0f8c	Bacteria	Firmicutes	Clostridia	Clostridiales	Lachnospiraceae	Clostridium	hathewayi	0.999856367314
5c9f229d9796959dfc8dad05616f22b1	Bacteria	Actinobacteria	Coriobacteriia	Coriobacteriales	Coriobacteriaceae	Eggerthella	lenta	0.999907068053
03e14580a4ea4d6e7e14f407a2ef6f2c	Bacteria	Firmicutes	Bacilli	Lactobacillales	Lactobacillaceae	Lactobacillus	zeae	0.999996801903
0e602d23b9195af7de9cb99deb64f455	Bacteria	Firmicutes	Bacilli	Lactobacillales	Streptococcaceae	Streptococcus		0.963311642953
6f5751a9e2ee8b0adb3cc474760bc8b0	Bacteria	Firmicutes	Clostridia	Clostridiales	Lachnospiraceae	Dorea	longicatena	0.867593328297
7f002595efd2994fb7252b28a54e899f	Bacteria	Firmicutes	Clostridia	Clostridiales	Lachnospiraceae	Blautia	producta	0.996196670416
71f72daf1f0eff27ebef2b7d6d453f58	Bacteria	Firmicutes	Clostridia	Clostridiales	Ruminococcaceae	Ruminococcus		0.999986751599
ae78f91f9e06b9fbc9af2b5dc49e317c	Bacteria	Firmicutes	Clostridia	Clostridiales	Lachnospiraceae	Clostridium		0.998223165899
294cc3f9b93b7874b8ef01b4775ab546	Bacteria	Actinobacteria	Coriobacteriia	Coriobacteriales	Coriobacteriaceae	Eggerthella	lenta	0.81436089243
9d1ce7970af048561791ccdefc05b3cd	Bacteria	Proteobacteria	Betaproteobacteria	Burkholderiales	Alcaligenaceae	Sutterella		0.999999999998
074ac8912ab27c5ddcdadf886fd5daba	Bacteria	Proteobacteria	Gammaproteobacteria	Enterobacteriales	Enterobacteriaceae			0.999999986754
412913dfb71ce16e3c24e6ba7c4c0976	Bacteria	Firmicutes	Bacilli	Lactobacillales	Lactobacillaceae	Lactobacillus	mucosae	0.999991214264
7c87a6c9455e51191ffbc8f8c09908ac	Bacteria	Firmicutes	Clostridia	Clostridiales	Clostridiaceae	Clostridium	neonatale	0.999997536329
ae84de252ce35e4a0b945eec42d35f0e	Bacteria	Firmicutes	Bacilli	Lactobacillales	Lactobacillaceae	Lactobacillus		0.999997247028
c13e3053eb5377299d200703a9ae2de9	Bacteria	Firmicutes	Bacilli	Lactobacillales	Lactobacillaceae	Lactobacillus		0.768728579659
0f4220472c9ffcc8807bc833589d22c6	Bacteria	Firmicutes	Bacilli	Lactobacillales	Lactobacillaceae	Lactobacillus	mucosae	0.999997147287
b13c6ea1bdbfc0c1dcb7943d0abfd4a3	Bacteria	Firmicutes	Clostridia	Clostridiales	Lachnospiraceae	Ruminococcus		0.988945362677
dbc5a8d5fd709830b65d9376b932ba55	Bacteria	Firmicutes	Clostridia	Clostridiales	Lachnospiraceae	Dorea		0.96810853906
f68ebb9111c08f5423c18fa0e2f26e58	Bacteria	Firmicutes	Clostridia	Clostridiales	Lachnospiraceae	Dorea		0.986778302097
ca2933b9dbaa42e7d31e7653104f4130	Bacteria	Firmicutes	Clostridia	Clostridiales	Lachnospiraceae	Blautia		0.999965069461
29bc77cc8740c96fcaac9633029e25a2	Bacteria	Proteobacteria	Gammaproteobacteria	Enterobacteriales	Enterobacteriaceae			0.999999999989
ca9234a1fb4ab3db38ef08223c35697a	Bacteria	Actinobacteria	Coriobacteriia	Coriobacteriales	Coriobacteriaceae			0.999271266555
9d84d8b67e96ef308b06bc72751d1145	Bacteria	Firmicutes	Clostridia	Clostridiales	Ruminococcaceae			0.999998683905
03688da038094dc92e6e90c8f8cbae21	Bacteria	Firmicutes	Clostridia	Clostridiales	Veillonellaceae	Megasphaera		0.999823036397
35cfce9b34718b763235456686a85282	Bacteria	Firmicutes	Clostridia	Clostridiales	Peptostreptococcaceae			0.753053817397
50744955bd234a408e704f2b835fa259	Bacteria	Firmicutes	Clostridia	Clostridiales	Clostridiaceae			0.98415030717
8051f5ff7dfff43f8337947e6d1dbc87	Bacteria	Actinobacteria	Actinobacteria	Bifidobacteriales	Bifidobacteriaceae	Bifidobacterium		0.916908280615
c98b80e773844a8f3c8c35082ba445f8	Bacteria	Firmicutes	Bacilli	Lactobacillales	Lactobacillaceae	Lactobacillus		0.999059336745
d44f07f1ab0a78a87364f64cd1072d39	Bacteria	Firmicutes	Clostridia	Clostridiales	Clostridiaceae	Clostridium	paraputrificum	0.974025636658
fb35b9282a608b24e8997485426c32f4	Bacteria	Firmicutes	Clostridia	Clostridiales	Eubacteriaceae	Pseudoramibacter_Eubacterium		0.999999991757
fa1e278fda21bf8ab81ac6ab672bdb4a	Bacteria	Firmicutes	Clostridia	Clostridiales	Ruminococcaceae	Oscillospira		0.999968000469
532c6de8b94799af385960045ef66721	Bacteria	Firmicutes	Clostridia	Clostridiales	Lachnospiraceae			0.865814574469
09664733183ede3e60a8559ae79b6cd5	Bacteria	Proteobacteria	Gammaproteobacteria	Enterobacteriales	Enterobacteriaceae	Citrobacter	koseri	0.948452186337
681fb300a259bc2d327d0b1946e06992	Bacteria	Firmicutes	Clostridia	Clostridiales	Peptostreptococcaceae	Clostridium	bifermentans	0.990310088345
74a0dddf38f39ed4566af38c6c9759a7	Bacteria	Firmicutes	Bacilli	Lactobacillales				0.99999999984
1c98e80af3f8fa8ddfdb7368fd7e1178	Bacteria	Firmicutes	Clostridia	Clostridiales	Lachnospiraceae			0.781064699244
c5d7ff52acb6d3972856412c29afd763	Bacteria	Firmicutes	Clostridia	Clostridiales	Ruminococcaceae			0.999962368514
25d35a460cf770f3cd56cb1c86873c61	Bacteria	Actinobacteria	Actinobacteria	Bifidobacteriales	Bifidobacteriaceae	Bifidobacterium		0.850643554965
a0d443ad09266f765b0506de8de16abc	Bacteria	Proteobacteria	Gammaproteobacteria	Enterobacteriales	Enterobacteriaceae	Klebsiella		0.72599815683
e4bcd20961fa30e94f9e2e93162a8df2	Bacteria	Actinobacteria	Coriobacteriia	Coriobacteriales	Coriobacteriaceae	Atopobium		0.982144144742
479755d9515fad09b65d1baff07ff321	Bacteria	Firmicutes	Bacilli	Lactobacillales	Lactobacillaceae	Lactobacillus	coleohominis	0.999986586423
7f59aa390d23862a249ab2fb1915fb11	Bacteria	Firmicutes	Clostridia	Clostridiales	Lachnospiraceae	Clostridium	symbiosum	0.994955236293
b84f176c4a0413c7bb4922c670b8b212	Bacteria	Firmicutes	Clostridia	Clostridiales	Lachnospiraceae	Ruminococcus	gnavus	0.999808268512
c627e5714a549d8da5bf84ca2f4a9a7b	Bacteria	Firmicutes	Clostridia	Clostridiales	Veillonellaceae	Veillonella	dispar	0.978823159437
556d426e2c989484714db6c03f105008	Bacteria	Bacteroidetes	Bacteroidia	Bacteroidales	Bacteroidaceae	Bacteroides		0.999999961195
eac087d6cad85e3410d3496b7304f3fb	Bacteria	Firmicutes	Clostridia	Clostridiales	Veillonellaceae	Dialister		0.999999999999
2abc883f78211347e1111112729472f7	Bacteria	Firmicutes	Bacilli	Lactobacillales	Lactobacillaceae	Lactobacillus	zeae	0.999757809135
b60f8fc17ca22ec0dd71f3d26f0bc031	Bacteria	Firmicutes	Clostridia	Clostridiales	Lachnospiraceae	Clostridium	hathewayi	0.999886134883
5de82305f65a04338abb7ebc10084e49	Bacteria	Proteobacteria	Gammaproteobacteria	Enterobacteriales	Enterobacteriaceae	Klebsiella		0.729897746613
ca4178c31f052c5305c57357b471c761	Bacteria	Firmicutes	Bacilli	Lactobacillales	Streptococcaceae	Streptococcus		0.999974916946
7b63a5f24daa0d8c44d86dca478f99c5	Bacteria	Firmicutes	Clostridia	Clostridiales	Clostridiaceae	Clostridium		0.928580948337
78d19a987fc61b47ba46389e9559c896	Bacteria	Firmicutes	Clostridia	Clostridiales	Lachnospiraceae	Ruminococcus		0.859765331132
8fc111c2fff92becc63b1f00705168f0	Bacteria	Firmicutes	Clostridia	Clostridiales	Lachnospiraceae	Ruminococcus		0.976201173824
1213266b7ad35df86a7e22dc942acc13	Bacteria	Firmicutes	Clostridia	Clostridiales	Ruminococcaceae	Oscillospira		0.999939717967
cb23b9976ad7c9edb97cff10c7c5f0c2	Bacteria	Firmicutes	Clostridia	Clostridiales	Lachnospiraceae	Dorea		0.728079890562
c531bdf8d9838628fddf4b0e5b613829	Bacteria	Proteobacteria	Gammaproteobacteria	Enterobacteriales	Enterobacteriaceae	Shigella	boydii	0.866831595371
09a82f97a33b7a00cc5519eb3f59a5e2	Bacteria	Firmicutes	Clostridia	Clostridiales	Veillonellaceae	Megasphaera		0.999999999565
3b3e169a83ee7944675a37f253a40006	Bacteria	Firmicutes	Clostridia	Clostridiales	Eubacteriaceae	Pseudoramibacter_Eubacterium		0.999999910697
a7275e2095a8271d51a0987b9a300d22	Bacteria	Actinobacteria	Coriobacteriia	Coriobacteriales	Coriobacteriaceae	Collinsella		0.999999309147
a5df287ad2afccf889cd6312a5820cb0	Bacteria	Firmicutes	Bacilli	Lactobacillales	Lactobacillaceae	Lactobacillus		0.998480560482
de4c66abc74a35d9a6c46255375e00f9	Bacteria	Firmicutes	Clostridia	Clostridiales	Veillonellaceae	Veillonella	dispar	0.9821917541
c42fa99d7c5497719b3df079fdaa065e	Bacteria	Actinobacteria	Actinobacteria	Actinomycetales	Corynebacteriaceae	Corynebacterium		0.999996644338
3c915a6148f20c807ddfeb8b35e5c651	Bacteria	Firmicutes	Clostridia	Clostridiales	Lachnospiraceae	Lachnospira		0.781501965738
4e5cbc16cd4ae842a903ee53e27e2fea	Bacteria	Proteobacteria	Gammaproteobacteria	Enterobacteriales	Enterobacteriaceae	Enterobacter		0.905022140597
3b0f4c623a2b940b220d0213fe278dbf	Bacteria	Firmicutes	Clostridia	Clostridiales	Clostridiaceae	Clostridium	perfringens	0.999970740699
95701954a802e739d70fd236601116d9	Bacteria	Proteobacteria	Gammaproteobacteria	Enterobacteriales	Enterobacteriaceae	Enterobacter		0.867499511969
0fc7d551f598630c09f3a0e9cd1642ae	Bacteria	Firmicutes	Clostridia	Clostridiales	Ruminococcaceae	Butyricicoccus	pullicaecorum	0.906687680476
af3f59462fc3748bbe5ca09249eb809a	Bacteria	Firmicutes	Clostridia	Clostridiales	Veillonellaceae	Megamonas		0.999999974376
c07cbe127ccd2184a398c4a2376ac584	Bacteria	Firmicutes	Clostridia	Clostridiales	Ruminococcaceae	Oscillospira		0.999986076044
a75103c858ceccce85354c26eea344c0	Bacteria	Firmicutes	Bacilli	Lactobacillales	Lactobacillaceae	Lactobacillus	coleohominis	0.999984817756
56fe4e4e47206e5d403bdf3590bd2416	Bacteria	Firmicutes	Clostridia	Clostridiales	Veillonellaceae	Megasphaera		0.999748121535
9b2ca0f45dd26372ec2a63a995722ef4	Bacteria	Actinobacteria	Actinobacteria	Bifidobacteriales	Bifidobacteriaceae	Bifidobacterium	breve	0.999851364847
a11c489f76cf8e38cd7392a92a9f5bb9	Bacteria	Firmicutes	Clostridia	Clostridiales				0.947312143832
bd4da730a66c327ef4a3cc72141b8c1d	Bacteria	Firmicutes	Clostridia	Clostridiales	Veillonellaceae	Veillonella	dispar	0.998410507466
c5c445062cb007822f02b7cfae6cbd14	Bacteria	Firmicutes	Clostridia	Clostridiales	Veillonellaceae	Veillonella	dispar	0.942829204399
c0fde77d6524bf9e6aed96368b6577bc	Bacteria	Firmicutes	Bacilli	Lactobacillales	Carnobacteriaceae	Granulicatella		0.970983135266
51dd5cb1512159c67c59ee89a02560e8	Bacteria	Firmicutes	Erysipelotrichi	Erysipelotrichales	Erysipelotrichaceae	Holdemania		0.999999995209
f4bd1c2c67bde04c27ebaae35edffe7a	Bacteria	Proteobacteria	Gammaproteobacteria	Enterobacteriales	Enterobacteriaceae			0.999999998843
7c70433351dda67200a288760bdc032e	Bacteria	Firmicutes	Clostridia	Clostridiales	Lachnospiraceae			0.988616416739
09a8e4a3af9f6424d05f199bcae99ec2	Bacteria	Actinobacteria	Actinobacteria	Actinomycetales	Actinomycetaceae	Actinomyces		0.999262218045
11924e91f9913dd11dd82f20968a569b	Bacteria	Firmicutes	Clostridia	Clostridiales				0.999999999999
b1978fd51b733ea897ac652cd025cf71	Bacteria	Firmicutes	Clostridia	Clostridiales	Veillonellaceae	Megasphaera		0.999999999733
a1e20c5a422164336cf49371ef587d16	Bacteria	Actinobacteria	Actinobacteria	Actinomycetales	Micrococcaceae	Rothia	mucilaginosa	0.999075203553
b68899132287a623f96e3192f81550ed	Bacteria	Firmicutes	Bacilli	Lactobacillales	Lactobacillaceae	Lactobacillus	coleohominis	0.999982153579
fd835a8c500e36ea8ec802e9439b0342	Bacteria	Firmicutes	Clostridia	Clostridiales	Veillonellaceae	Megamonas		0.999999994199
af1a75782c004b25a1457368489e0eed	Bacteria	Firmicutes	Clostridia	Clostridiales	Lachnospiraceae	Ruminococcus	gnavus	0.999403594202
9b241a6f00217ac88524f96a6f1eb042	Bacteria	Firmicutes	Clostridia	Clostridiales	Lachnospiraceae	Dorea		0.987518325666
ea9bc81746810ca405ec022e96b48081	Bacteria	Proteobacteria	Gammaproteobacteria	Enterobacteriales	Enterobacteriaceae			0.999999987201
de60f0629a7c0c79bc694288e183266d	Bacteria	Firmicutes	Clostridia	Clostridiales	Lachnospiraceae	Blautia		0.995475038883
de5e87859fb13fef383ad03fa7806cad	Bacteria	Firmicutes	Clostridia	Clostridiales	Lachnospiraceae	Clostridium	symbiosum	0.848421505226
b6565af4bfb5098e4b54a936a13507da	Bacteria	Firmicutes	Clostridia	Clostridiales	Ruminococcaceae	Oscillospira		0.999977489402
5105aac1d422838eae5837ae06d6aa89	Bacteria	Firmicutes	Bacilli	Lactobacillales	Enterococcaceae	Enterococcus		0.956038852328
401cfefdf387bef55a8f92d20a3a6a17	Bacteria	Firmicutes	Clostridia	Clostridiales	Lachnospiraceae			0.850100562421
4c29c841eadfaeaff0da0712e7d8a82f	Bacteria	Actinobacteria	Actinobacteria	Actinomycetales	Actinomycetaceae	Actinomyces		0.998018793189
cd2d7080c3d3dbc69f678c66d83ec891	Bacteria	Firmicutes	Clostridia	Clostridiales	Veillonellaceae	Veillonella	dispar	0.999473417888
d57df50874b1be91617bce2c45b9789c	Bacteria	Proteobacteria	Gammaproteobacteria	Enterobacteriales	Enterobacteriaceae			0.999999976921
f33f8133b3cf4d4607329c7b8fb931e5	Bacteria	Firmicutes	Bacilli	Lactobacillales	Enterococcaceae	Enterococcus		0.855021224293
8d1f011a9b6daf253da93cd99d647553	Bacteria	Firmicutes	Clostridia	Clostridiales	Veillonellaceae	Veillonella	parvula	0.734949697979
c408fbb92f43213e535bdcaba5621f44	Bacteria	Firmicutes	Clostridia	Clostridiales	Lachnospiraceae			0.990195445207
0b3b6468c70b672ef022b172d1533663	Bacteria	Proteobacteria	Gammaproteobacteria	Enterobacteriales	Enterobacteriaceae			0.999999999992
275f8dadfef81c76e72e9bc480d72de0	Bacteria	Proteobacteria	Gammaproteobacteria	Enterobacteriales	Enterobacteriaceae	Enterobacter		0.847038815906
c8f77df7bce1c09cfb700fad703b62bf	Bacteria	Firmicutes	Erysipelotrichi	Erysipelotrichales	Erysipelotrichaceae			0.999999987474
6b7d83ab9232a7e95a1cf5c6e2712f62	Bacteria	Firmicutes	Erysipelotrichi	Erysipelotrichales	Erysipelotrichaceae	Coprobacillus		0.999999925726
4950ecc609372a1b2051c425f66735ae	Bacteria	Fusobacteria	Fusobacteriia	Fusobacteriales	Fusobacteriaceae	Fusobacterium		0.999999947064
53ea13151d98c2da08afd386708c687f	Bacteria	Verrucomicrobia	Verrucomicrobiae	Verrucomicrobiales	Verrucomicrobiaceae	Akkermansia	muciniphila	0.999999999672
33be6202ae3e5a163d49f4915e1772d0	Bacteria	Firmicutes	Bacilli	Turicibacterales	Turicibacteraceae	Turicibacter		0.999999999999
f50efbe45c786c8e6c5d4f5491e04385	Bacteria	Firmicutes	Bacilli	Lactobacillales	Streptococcaceae	Streptococcus		0.999836307322
dfc4f3fb6ca7ab3f6fbd03ee15f9a23f	Bacteria	Actinobacteria	Coriobacteriia	Coriobacteriales	Coriobacteriaceae			0.983665868182
8672652eab95c16ce102f8cb260c63fb	Bacteria	Firmicutes	Bacilli	Lactobacillales	Carnobacteriaceae	Granulicatella		0.899849752687
5b08e2768f52f1428b7accd56abf680f	Bacteria	Firmicutes	Erysipelotrichi	Erysipelotrichales	Erysipelotrichaceae	Clostridium	ramosum	0.975675427493
0949cc7dda51742725b0e2bd9e2661c3	Bacteria	Firmicutes	Clostridia	Clostridiales	Lachnospiraceae	Coprococcus		0.96741387253
25a3a81c25f296b8d43a1e6165bd42c2	Bacteria	Firmicutes	Bacilli	Lactobacillales	Enterococcaceae	Enterococcus		0.82213390798
e168c56cf404c3274234e20d1e8a7a6b	Bacteria	Firmicutes	Bacilli	Lactobacillales	Lactobacillaceae	Lactobacillus	mucosae	0.999996561532
20c6debb3cd977255ae3433277a98265	Bacteria	Firmicutes	Bacilli	Lactobacillales	Streptococcaceae	Streptococcus		0.996663082252
6bdc573c8700a83a96863f7b8dfec44d	Bacteria	Firmicutes	Bacilli	Lactobacillales	Enterococcaceae	Enterococcus		0.888228169131
efcf518bbbc1798904458326df858c95	Bacteria	Proteobacteria	Gammaproteobacteria	Enterobacteriales	Enterobacteriaceae	Proteus		0.999956717239
b2f39cacf6dfe3384b2a04e46dd62f0f	Bacteria	Firmicutes	Clostridia	Clostridiales	Clostridiaceae	Clostridium	tertium	0.833996576129
4f0bddeba313fa994a59086bd3df3a93	Bacteria	Firmicutes	Clostridia	Clostridiales	Lachnospiraceae	Roseburia		0.999891169582
90f6d734dbb70d02351fa5fedff11f05	Bacteria	Firmicutes	Clostridia	Clostridiales	Eubacteriaceae	Anaerofustis		0.999999805311
c55b02f2d29812947deb00e4401168fb	Bacteria	Firmicutes	Bacilli	Lactobacillales	Streptococcaceae	Streptococcus		0.998252381178
897f340584273ed8e613485359911d9e	Bacteria	Proteobacteria	Gammaproteobacteria	Enterobacteriales	Enterobacteriaceae			0.999999977603
dd555a8b4afb1ee1dcc243ded783aabf	Bacteria	Firmicutes	Bacilli	Lactobacillales	Streptococcaceae	Streptococcus		0.999973780247
41d9bf9f48e507dcbbc5f1d7379a1e8e	Bacteria	Firmicutes	Bacilli	Lactobacillales	Lactobacillaceae	Lactobacillus	helveticus	0.845922987074
6e1aff4702cd9814a3acd5adbedc28ab	Bacteria	Firmicutes	Clostridia	Clostridiales	Lachnospiraceae	Ruminococcus		0.984263385769
d96fc66b1336a129c33ecefb251cc498	Bacteria	Proteobacteria	Gammaproteobacteria	Pseudomonadales	Moraxellaceae	Acinetobacter		0.845122135879
9b70e9d94d98cae2fa2204f5ae977b8a	Bacteria	Firmicutes	Clostridia	Clostridiales	Ruminococcaceae	Oscillospira		0.999988711023
d9ef65c256bd9e21c840b5b04fe4f931	Bacteria	Firmicutes	Clostridia	Clostridiales	Eubacteriaceae	Pseudoramibacter_Eubacterium		0.999999230585
e4d71fbb3a39ee09fbf32154497d0cdc	Bacteria	Firmicutes	Erysipelotrichi	Erysipelotrichales	Erysipelotrichaceae			0.997851191914
98f93d24e576c454925d10fd400feba9	Bacteria	Proteobacteria	Gammaproteobacteria	Pasteurellales	Pasteurellaceae	Haemophilus	parainfluenzae	0.999531492782
b0c7f3e236711e1453638bd24439e5f8	Bacteria	Firmicutes	Clostridia	Clostridiales	Tissierellaceae	Peptoniphilus		1.0
11b8af564f2352a35f5432bdaffe5a55	Bacteria	TM7	TM7-3	CW040				0.999997944665
e50b37333e7a4cf32e2deacd154241a9	Bacteria	Firmicutes	Bacilli	Lactobacillales	Streptococcaceae	Lactococcus	garvieae	0.99986241044
b10b4c36928abf44d6e9d285d39deca8	Bacteria	Actinobacteria	Actinobacteria	Bifidobacteriales	Bifidobacteriaceae	Bifidobacterium	breve	0.97186034141
817ed96548ba0c29a0e80c7c42f83888	Bacteria	Firmicutes	Bacilli	Lactobacillales	Streptococcaceae	Streptococcus	anginosus	0.99999741913
c3913d9d2d16b6a8de087d387f24e623	Bacteria	Firmicutes	Erysipelotrichi	Erysipelotrichales	Erysipelotrichaceae	Eubacterium	dolichum	0.9999999991
c6930242bce0a8236380b16800c8ccab	Bacteria	Firmicutes	Clostridia	Clostridiales	Ruminococcaceae			0.999993125869
a48017c139976222762338701e51a86e	Bacteria	Firmicutes	Clostridia	Clostridiales	Lachnospiraceae	Clostridium	aldenense	0.972704209167
982937561f09d5328c80b4d637fa2831	Bacteria	Firmicutes	Clostridia	Clostridiales	Ruminococcaceae	Oscillospira		0.999946909408
ae2b7b3bac1cdd7d4473f3d29bbdd9dc	Bacteria	Firmicutes	Bacilli	Lactobacillales	Streptococcaceae	Lactococcus	garvieae	0.767155081423
bb9327d59994e1946c43b8bcaa564a3a	Bacteria	Bacteroidetes	Bacteroidia	Bacteroidales	Bacteroidaceae	Bacteroides		0.999999940653
edfd4775942af64b978cdcd692c090c9	Bacteria	Proteobacteria	Gammaproteobacteria	Enterobacteriales	Enterobacteriaceae	Trabulsiella		0.761127438296
05011653958c263725fd84ef6523c2ee	Bacteria	Firmicutes	Clostridia	Clostridiales	Ruminococcaceae			0.852044102594
53f3038d199c135b0167d2be4f27058e	Bacteria	Firmicutes	Clostridia	Clostridiales	Ruminococcaceae	Gemmiger	formicilis	0.946680296516
e0574665877bf77a68ace20b5bfca962	Bacteria	Firmicutes	Bacilli	Gemellales	Gemellaceae			0.999999999925
9f25336efcfb81af52ab73ef863c035b	Bacteria	Firmicutes	Clostridia	Clostridiales	Lachnospiraceae	Lachnospira		0.999999060872
060a80cbf25b0bd9891b547ed63e93bc	Bacteria	Firmicutes	Bacilli	Lactobacillales	Streptococcaceae	Streptococcus		0.917709783326
1ec813a2ead9af147d27ca29bcfa28af	Bacteria	Firmicutes	Clostridia	Clostridiales	Ruminococcaceae	Butyricicoccus	pullicaecorum	0.999999967678
7b7bcad4c8a1802b5736f534ae16fd4d	Bacteria	Firmicutes	Clostridia	Clostridiales	Lachnospiraceae	Coprococcus		0.999202111542
7478fa1f39e41f069827955cfc8b195f	Bacteria	Firmicutes	Clostridia	Clostridiales	Ruminococcaceae	Butyricicoccus	pullicaecorum	0.999999529561
f7c9dd7392ee49c78d7df3adfa422721	Bacteria	Firmicutes						0.998958935583
3b14195c22e4623b4a2d315023acdf78	Bacteria	Firmicutes	Bacilli	Lactobacillales	Enterococcaceae	Enterococcus		0.945744306534
127eb598ad9f1da8001feeaa22d30857	Bacteria	Firmicutes	Clostridia	Clostridiales	Clostridiaceae	Clostridium	subterminale	0.744947695404
11845fac6c75133c09505658f5039e1d	Bacteria	Firmicutes	Bacilli	Lactobacillales	Enterococcaceae	Enterococcus		0.968469223897
2237c82e272d40cde6d358a0f8f967a4	Bacteria	Firmicutes	Clostridia	Clostridiales	Lachnospiraceae	Clostridium	citroniae	0.943834388869
75d3c77ad7a5642fed3a8334ec06e879	Bacteria	Firmicutes	Bacilli	Gemellales	Gemellaceae			0.768338819392
5389a5bd9b269f3bf9706ebfead44626	Bacteria	Firmicutes	Clostridia	Clostridiales	Lachnospiraceae			0.973640715151
18e884d4d55a48f9794dca1982882b73	Bacteria	Bacteroidetes	Bacteroidia	Bacteroidales	Bacteroidaceae	Bacteroides		0.99079917506
4281dddfc8f8697674f194a5b05041bd	Bacteria	Firmicutes	Clostridia	Clostridiales	Clostridiaceae	Clostridium	perfringens	0.859095285074
23e835b4b9916da416edd9acfaf87584	Bacteria	Firmicutes	Clostridia	Clostridiales	Lachnospiraceae			0.983828173308
0eb38321f32cac3851d68d78e0d97a6c	Bacteria	Firmicutes	Clostridia	Clostridiales	Lachnospiraceae	Blautia	producta	0.998789310349
9a59d3456542fadaa0f8f74793caf880	Bacteria	Verrucomicrobia	Verrucomicrobiae	Verrucomicrobiales	Verrucomicrobiaceae	Akkermansia	muciniphila	0.999999939375
2c8af13761fca5a30787cc36a064e56f	Bacteria	Firmicutes	Clostridia	Clostridiales	Lachnospiraceae	Robinsoniella	peoriensis	0.992877462346
21ef7b484097c0b057a15e423923ca60	Bacteria	Bacteroidetes	Bacteroidia	Bacteroidales	Rikenellaceae	Alistipes	putredinis	0.911925227099
c9a2db042d4394c7343bc3f00ba4e6cf	Bacteria	Firmicutes	Clostridia	Clostridiales	Tissierellaceae	Finegoldia		1.0
9b65e66ee84bc23107cd32a8ef7dd4e0	Bacteria	Firmicutes	Bacilli	Lactobacillales	Lactobacillaceae	Lactobacillus	mucosae	0.999989748337
4bc33727d93201ba260038b647aae697	Bacteria	Firmicutes	Bacilli	Lactobacillales	Carnobacteriaceae	Granulicatella		0.997153966908
afb4b6bf26d3ec281ef442d335432ed8	Bacteria	Firmicutes	Clostridia	Clostridiales	Ruminococcaceae			0.999850727373
a9c57caf431dbf2a17b409fc76e9e5ac	Bacteria	Firmicutes	Clostridia	Clostridiales	Peptostreptococcaceae			0.999657483667
050874775500b98b61cac480bd4df16c	Bacteria	Firmicutes	Clostridia	Clostridiales	Peptostreptococcaceae			0.989037542332
cfc1ed7ab446882b4e348633a86b7398	Bacteria	Verrucomicrobia	Verrucomicrobiae	Verrucomicrobiales	Verrucomicrobiaceae	Akkermansia	muciniphila	0.99995200446
7e45165218059094d8f79dc2f956749c	Bacteria	Proteobacteria	Gammaproteobacteria	Enterobacteriales	Enterobacteriaceae	Klebsiella		0.732752525586
c049d77b02a0b59301419dd479f92088	Bacteria	Firmicutes	Clostridia	Clostridiales	Peptostreptococcaceae	Clostridium	ruminantium	0.885483075677
abfc5ea4c6561624b4a3c4834d83a14d	Bacteria	Firmicutes	Clostridia	Clostridiales	Lachnospiraceae	Blautia		0.999268997747
7cec773241c6168abce241cb13a269e1	Bacteria	Firmicutes	Clostridia	Clostridiales	Tissierellaceae	Anaerococcus		1.0
9443e82805534feb8f6316af720fa1d8	Bacteria	Firmicutes	Clostridia	Clostridiales	Ruminococcaceae			0.999748722374
59d7ad4e83febaf1c860791f32a04fd9	Bacteria	Firmicutes	Bacilli	Lactobacillales	Enterococcaceae	Enterococcus		0.91019270189
59c60c25c21d5890dc89a701c0cbc4cf	Bacteria	Proteobacteria	Deltaproteobacteria	Desulfovibrionales	Desulfovibrionaceae	Desulfovibrio		0.985015993996
1efa9624d350a95da800b800ffb01875	Bacteria	Firmicutes	Clostridia	Clostridiales	Peptostreptococcaceae	Peptostreptococcus		0.97931694977
380ac3459f0aa2cc0c5c78719c0f1566	Bacteria	Actinobacteria	Coriobacteriia	Coriobacteriales	Coriobacteriaceae	Eggerthella		0.998665107664
818e80f8aa3a449afe4292cf1eed8318	Bacteria	Firmicutes	Erysipelotrichi	Erysipelotrichales	Erysipelotrichaceae	Clostridium	ramosum	0.993084226007
9d016456f23abe0d1e2970e137fb4e08	Bacteria	Fusobacteria	Fusobacteriia	Fusobacteriales	Fusobacteriaceae	Fusobacterium		0.999999976499
905b2c3838e9a58366efe691047cd588	Bacteria	TM7	TM7-3					0.999542196568
f63f37e4ffc1260d8ab440886a271f05	Bacteria	Proteobacteria	Gammaproteobacteria	Enterobacteriales	Enterobacteriaceae	Shigella		0.766020007821
202bebc2a26e2212ce271c4141218312	Bacteria	Firmicutes	Bacilli	Lactobacillales	Lactobacillaceae	Lactobacillus	salivarius	0.931222870177
5f47de2f200d474c78ad94073c59ec2e	Bacteria	Proteobacteria	Gammaproteobacteria	Enterobacteriales	Enterobacteriaceae	Shigella	flexneri	0.875353767112
04a5e1a421f1a66b958f5b14576243ab	Bacteria	Firmicutes	Bacilli	Bacillales	Staphylococcaceae	Staphylococcus		0.799544094435
1e1679cbdd8e3f58c350c96e0b8e254e	Bacteria	Bacteroidetes	Bacteroidia	Bacteroidales	Porphyromonadaceae	Parabacteroides		0.999528813931
15e3d64b551c664847b11ee8d5da010d	Bacteria	Bacteroidetes	Bacteroidia	Bacteroidales	Bacteroidaceae	Bacteroides		0.973023260875
9e73b4fb18b9477630d7ebbb5fe1e341	Bacteria	Bacteroidetes	Bacteroidia	Bacteroidales	Rikenellaceae	Alistipes	finegoldii	0.855841769494
c3fe143f838c7ed53dfb96879c830f15	Bacteria	Verrucomicrobia	Verrucomicrobiae	Verrucomicrobiales	Verrucomicrobiaceae	Akkermansia	muciniphila	0.999999999602
5737ac056c30cfcc907a439f639965f7	Bacteria	Firmicutes	Clostridia	Clostridiales	Lachnospiraceae	Coprococcus		0.913985933369
f0ffae791a4b00e874b9b8433eff33e9	Bacteria	Actinobacteria	Actinobacteria	Bifidobacteriales	Bifidobacteriaceae	Bifidobacterium	breve	0.951392062082
1dab28113a25681b654c6ee9e34cc190	Bacteria	Proteobacteria	Gammaproteobacteria	Pasteurellales	Pasteurellaceae	Haemophilus	parainfluenzae	0.999313590669
e12deb0e7d053c564b9865b122d9ecda	Bacteria	Firmicutes	Erysipelotrichi	Erysipelotrichales	Erysipelotrichaceae	Clostridium	ramosum	0.975232370064
4858b41fc41f9d4aafec82619485e484	Bacteria	Firmicutes	Clostridia	Clostridiales				0.999999041436
f4d6b7b6a322c10658449ae20a51b97b	Bacteria	Firmicutes	Clostridia	Clostridiales	Eubacteriaceae	Pseudoramibacter_Eubacterium		0.999999786242
907c2d49845e85ec3cb3b1927beaa056	Bacteria	Firmicutes	Bacilli	Gemellales	Gemellaceae			0.999999999963
952443d802d9e84d8a966167dfd13cd5	Bacteria	Acidobacteria	Chloracidobacteria	RB41	Ellin6075			0.999999999707
7a61920c07bee55c482372205ffc8d06	Bacteria	Actinobacteria	Actinobacteria	Bifidobacteriales	Bifidobacteriaceae	Bifidobacterium	bifidum	0.938677797263
87d649a7fa63204b013986711cc9ec09	Bacteria	Bacteroidetes	Bacteroidia	Bacteroidales	Porphyromonadaceae	Dysgonomonas		0.999999985283
5bea314bec0bab24949b1c0afe1367b1	Bacteria	Actinobacteria	Actinobacteria	Bifidobacteriales	Bifidobacteriaceae	Bifidobacterium		0.999428031026
fb5397c77b4e4e2ddbd4d8150abea08d	Bacteria	Firmicutes	Bacilli	Lactobacillales	Streptococcaceae	Streptococcus		0.999985186243
85065d63cdd51213c5222e69d102f768	Bacteria	Firmicutes	Clostridia	Clostridiales	Ruminococcaceae	Ruminococcus		0.999853038631
c06577866292a7123874c14a31fb13c8	Bacteria	Firmicutes	Clostridia	Clostridiales	Ruminococcaceae			0.760442622181
675702d413ef3adfb459d32351b2cc5e	Bacteria	Actinobacteria	Actinobacteria	Bifidobacteriales	Bifidobacteriaceae			0.739498438494
a31662ef982f944ed42f7a145e9ecbb5	Bacteria	Firmicutes	Clostridia	Clostridiales				0.805067290834
e704863f9918ba946afe2d0def410486	Bacteria	Firmicutes	Bacilli	Lactobacillales	Enterococcaceae	Enterococcus		0.798794069074
4e345a0ecb5c5c08bc1d6fd7573dd7d2	Bacteria	Firmicutes	Clostridia	Clostridiales	Ruminococcaceae	Gemmiger	formicilis	0.844683205234
bf346aba5a54adc74acf3b70fc8b834c	Bacteria	Firmicutes	Clostridia	Clostridiales	Ruminococcaceae			0.975671990477
7789ff338d11f05e92d5a1eb6786ff77	Bacteria	Firmicutes	Clostridia	Clostridiales				0.865707201664
928f7d0a2ca3bada1918e74f48bb0981	Bacteria	Bacteroidetes	Bacteroidia	Bacteroidales	Bacteroidaceae	Bacteroides	fragilis	0.981375471076
e67f7166a4bdb7c7e37b8776505e8c1a	Bacteria	Firmicutes	Clostridia	Clostridiales	Peptostreptococcaceae			0.996615572631
41c58204257519d89c61a1a208812657	Bacteria	Bacteroidetes	Bacteroidia	Bacteroidales	Bacteroidaceae	Bacteroides	fragilis	0.999941552137
43ab102a60d789c6440a3f6dd9dd4300	Bacteria	Firmicutes	Bacilli	Lactobacillales	Streptococcaceae	Streptococcus		0.804559190378
e78d2c9412802c946226e56d66cd42ab	Bacteria	Firmicutes	Bacilli	Lactobacillales	Streptococcaceae	Lactococcus	garvieae	0.942459871996
6498ee2f5dcf5f6314028761f7e3daa3	Bacteria	Firmicutes	Clostridia	Clostridiales	Lachnospiraceae			0.950964826554
9b72ba28ed9245e2faf3d6aa7bb203d7	Bacteria	Firmicutes	Clostridia	Clostridiales	Lachnospiraceae	Dorea	longicatena	0.99809860797
a8e51b43f3644da8e96d6fd7e90cec28	Bacteria	Firmicutes	Clostridia	Clostridiales				0.898646192548
ed35b53047936e8825160351559d89f5	Bacteria	Firmicutes	Clostridia	Clostridiales	Veillonellaceae	Acidaminococcus		0.999999818056
6803c8a3c3ef585f79006e6c0ceded76	Bacteria	Actinobacteria	Actinobacteria	Bifidobacteriales	Bifidobacteriaceae	Bifidobacterium	breve	0.964721796765
2743f73a4cd0678f4751a64a571ecda8	Bacteria	Firmicutes	Clostridia	Clostridiales				0.953619959523
7bdd21375973bf6a85a9b34d4c078d2e	Bacteria	Firmicutes	Clostridia	Clostridiales	Veillonellaceae			0.955001685473
d8bf73f853532319f69a4c4e67662de0	Bacteria	Firmicutes	Clostridia	Clostridiales	Veillonellaceae	Megasphaera		0.999997898205
51cb5b1596e26108099eb8da141db92f	Bacteria	Firmicutes	Clostridia	Clostridiales	Eubacteriaceae	Pseudoramibacter_Eubacterium		0.999984488775
eff679f8adf5aa3869fa45e588267dff	Bacteria	Firmicutes	Bacilli	Lactobacillales	Enterococcaceae	Enterococcus		0.928687929938
4eee4bb74ccbd5c9863345d8115a9d95	Bacteria	Proteobacteria	Gammaproteobacteria	Pasteurellales	Pasteurellaceae			0.995773769888
02fbc2697a97232c310180fa74f4b840	Bacteria	Proteobacteria	Gammaproteobacteria	Pasteurellales	Pasteurellaceae	Haemophilus	parainfluenzae	0.996512658245
5f656fdcc117254ae74eac78eec234d8	Bacteria	Firmicutes	Bacilli					0.91775596858
97b8fcd120a5a4a811f9ef82423dcda9	Bacteria	Firmicutes	Clostridia	Clostridiales	Peptostreptococcaceae			0.798133906902
b5f11b11f0dbf5d22f8d6332f1cf6303	Bacteria							0.978956284677
3f64481d75d619763de7b161667ec886	Bacteria	Firmicutes	Bacilli	Lactobacillales	Streptococcaceae	Lactococcus		0.994528913769
16f23bab6e2d5e71d79643702bbfc2ca	Bacteria	Bacteroidetes	Saprospirae	Saprospirales	Chitinophagaceae	Sediminibacterium		0.999971557348
a92ea5624e9e1e2c116d1051aff187dd	Bacteria	Firmicutes	Erysipelotrichi	Erysipelotrichales	Erysipelotrichaceae			0.999979430692
11533609b94a5c141ccd451c1b127677	Bacteria							0.858926738433
92276cbd50cb251db09d4ac69d466bee	Bacteria	Verrucomicrobia	Verrucomicrobiae	Verrucomicrobiales	Verrucomicrobiaceae	Akkermansia	muciniphila	0.947775621965
5d5d31a9542ebfffc7d40c0881347f83	Bacteria							1.0
7f2a11f9c14bce3abaabd8913eff7b36	Bacteria	Firmicutes	Bacilli	Lactobacillales	Lactobacillaceae	Lactobacillus		0.782623737403
eccd1415a3348d0e3ef7fa2238108922	Bacteria	Firmicutes	Clostridia	Clostridiales				0.996904503565
54e8136b06c208fe297feb3dbedaa274	Bacteria	Actinobacteria	Actinobacteria	Bifidobacteriales	Bifidobacteriaceae	Bifidobacterium	bifidum	0.988776567176
afbae0231f000adf299744a3bf3d3d96	Bacteria	Firmicutes	Clostridia	Clostridiales	Peptostreptococcaceae	Clostridium	ruminantium	0.922630393683
d6fadd7cba720ede693de1c1bcea8670	Bacteria	Bacteroidetes	Bacteroidia	Bacteroidales	Porphyromonadaceae	Dysgonomonas		0.999999676452
bbe4b451541c42081199558c66848815	Bacteria	Firmicutes	Clostridia	Clostridiales	Lachnospiraceae	Ruminococcus	gnavus	0.93334187764
fce2a09737042bb5240a8571ba53a0fc	Bacteria	Verrucomicrobia	Verrucomicrobiae	Verrucomicrobiales	Verrucomicrobiaceae	Akkermansia	muciniphila	0.986947496996
f16749522b3a2c71d053dba4ec062641	Bacteria	Firmicutes	Clostridia	Clostridiales	Lachnospiraceae	Clostridium	colinum	0.743144267169
5ecb18b6c50a8b3c92978acb19e3eaa2	Bacteria	Firmicutes	Bacilli	Lactobacillales	Enterococcaceae	Enterococcus		0.813583139491
37b81206ec0130e177f0a0e9e804a31f	Bacteria	Firmicutes	Erysipelotrichi	Erysipelotrichales	Erysipelotrichaceae	Clostridium	spiroforme	0.999539016178
2f368745be58854bb685bcc9eec8d8b0	Bacteria	Firmicutes	Clostridia	Clostridiales	Lachnospiraceae			0.77344346027
a05540131c5d319d561d53740a62fd7d	Bacteria	Firmicutes	Clostridia	Clostridiales	Peptostreptococcaceae			0.995220029014
b5911c3825a1108b49e908f734f6c53a	Bacteria	Actinobacteria	Actinobacteria	Bifidobacteriales	Bifidobacteriaceae	Bifidobacterium	breve	0.979400270153
e1ae4be3d84ac79f3dfa5dfdfe47c68a	Bacteria	Firmicutes	Clostridia	Clostridiales	Lachnospiraceae			0.875029362657
ca4486c65737e855d1de0b54c19416bc	Bacteria	Firmicutes	Clostridia	Clostridiales	Lachnospiraceae			0.992920067167
d9f0e07f24b0448390fd749c6641f6ea	Bacteria	Firmicutes	Clostridia	Clostridiales	Veillonellaceae			0.948743254238
a25efab5ffcd915dcc05b5af4174deff	Bacteria	Verrucomicrobia	Verrucomicrobiae	Verrucomicrobiales	Verrucomicrobiaceae	Akkermansia	muciniphila	0.947683931593
445a098ef78d305fe7783b5e6bc4e60d	Bacteria	Firmicutes	Clostridia	Clostridiales	Veillonellaceae			0.756076212482
6557fe46b45e49ee6a36f0c70f79900b	Bacteria							0.97758917763
696593c588b7ada65bdbf97895276d98	Bacteria	Firmicutes	Clostridia	Clostridiales	Veillonellaceae	Dialister		0.994382840142
